dataset,train_accuracy_mean,train_accuracy_std,test_accuracy_mean,test_accuracy_std,test_auc_mean,test_auc_std
mnist,99.87466735839844,0.0865631659077376,0.9874900043010711,0.0018217736764278285,0.9998528182506561,5.024615732349807e-05
octmnist,86.86869659423829,0.32400473931756374,0.6496000051498413,0.037723190532443295,0.9018468618392944,0.01627133956510884
diabetes,89.33299179077149,0.901687011113348,0.8890200018882751,0.013477077994795828,0.9688193202018738,0.0055337798353340415
mnist_baseline,99.75066680908203,0.041493735918574984,0.98296999335289,0.0014339050493213724,0.9997160315513611,7.570717127772432e-05
octmnist_baseline,84.31147918701171,0.22510927742833792,0.6288999915122986,0.015195071648042121,0.9237926542758942,0.0041351749766059985
diabetes_baseline,91.07711791992188,0.051466263746037924,0.9044500052928924,0.011737391438301957,0.9768261611461639,0.00048469693008029166
