id_dataset,ood_dataset,n_seeds,accuracy_mean,accuracy_std,auroc_ood_mean,auroc_ood_std,correlation_mean,correlation_std,aurc_mean,aurc_std,sigma_risk_0.1_mean,sigma_risk_0.1_std,sigma_risk_0.2_mean,sigma_risk_0.2_std,sigma_risk_0.3_mean,sigma_risk_0.3_std,sigma_risk_0.4_mean,sigma_risk_0.4_std
MNIST,ChestMNIST,10,98.749,0.19203298327804671,0.9964253376721794,0.0036994663852509472,0.3108270046093432,0.012562397297035502,0.001404426688323956,0.0003416550643305801,5.489478499542544e-05,0.0001735925522507802,0.0013565120185603913,0.0010555285052759713,0.004657347495899961,0.0018089071391534455,0.007715346431004959,0.002389614583792777
MNIST,TissueMNIST,10,98.749,0.19203298327804671,0.8417452286379019,0.15510473497733485,0.3108270046093432,0.012562397297035502,0.001404426688323956,0.0003416550643305801,5.489478499542544e-05,0.0001735925522507802,0.0013565120185603913,0.0010555285052759713,0.004657347495899961,0.0018089071391534455,0.007715346431004959,0.002389614583792777
OCTMNIST,ChestMNIST,9,63.4888888888889,0.9993053142614197,0.9973388609043226,0.0008262228917268874,0.07583382932748031,0.031867341695125416,0.32711306284964875,0.007769665365633872,0.3404126648878801,0.008123241940243853,0.35785035676936594,0.008369286913905271,0.35908297960154184,0.011132253528579597,0.36110382122847934,0.010026489234943542
OCTMNIST,TissueMNIST,9,63.4888888888889,0.9993053142614197,0.37298462469449145,0.05166053863209113,0.07583382932748031,0.031867341695125416,0.32711306284964875,0.007769665365633872,0.3404126648878801,0.008123241940243853,0.35785035676936594,0.008369286913905271,0.35908297960154184,0.011132253528579597,0.36110382122847934,0.010026489234943542
